covariate,smd_all,smd_matched,bs_id
distance,1.10998484333159,0.00154518806859291,b00
tree_cover,0.289726994325443,0.0687218891726214,b00
forest_type,0.334334667948543,0.0528253276846384,b00
ppt,1.39868766620665,0.12767317479562,b00
dist_flowline,0.0839230761751761,0.0180995118933981,b00
density_flowline,0.760474854096581,0.0397422262468827,b00
wet_freq_z,0.253945370274057,0.0316439203850407,b00
wet_sev_z,0.905477947947009,0.000194162138277431,b00
wet_freq,0.315578863317709,0.0802021079509962,b00
tmax_z,0.155894016729437,0.0190461294384426,b00
spei_freq,0.586264231685179,0.00113297968485852,b00
insect_defo,0.0658869190908365,0.0130729678232043,b00
insect_mort,0.0210210909923344,0.0176951522877145,b00
hurr_ws,0,0,b00
regionatlantic,0.0966939229653534,0.0119159532220709,b00
regionlakes,0.950021997546438,0.0219705305094627,b00
regionpacific,1.75431710483235,0.0675717469126091,b00
tpa_live,0.475976147138802,0.0032590419947694,b00
distance,1.08589915324378,0.00173733250716902,b01
tree_cover,0.299309580300999,0.068418937751716,b01
forest_type,0.316508267372424,0.0543747587353777,b01
ppt,1.31769944611013,0.11750302771563,b01
dist_flowline,0.100369993646472,0.0118730933621707,b01
density_flowline,0.742637619020225,0.0434599090607174,b01
wet_freq_z,0.278953533427867,0.0291920323851517,b01
wet_sev_z,0.877727339820312,0.00771372051447089,b01
wet_freq,0.332605615144459,0.0773230502778459,b01
tmax_z,0.16566512690314,0.0324194159840391,b01
spei_freq,0.553282548797175,0.0065184086565687,b01
insect_defo,0.0508992342346801,0.0240565967496551,b01
insect_mort,0.0266296888307308,0.0214345772710717,b01
hurr_ws,0,0,b01
regionatlantic,0.0944656354546125,0.0211118231003393,b01
regionlakes,0.918471620325577,0.0193207384353486,b01
regionpacific,1.61796790018314,0.075853411221953,b01
tpa_live,0.456291261098916,0.0104434442277258,b01
distance,1.10349047915449,0.00188166736286621,b02
tree_cover,0.293636829590209,0.0710611078838138,b02
forest_type,0.313297046532679,0.0544587077941013,b02
ppt,1.37669083857613,0.145351587420788,b02
dist_flowline,0.088813868478677,0.0233018215713017,b02
density_flowline,0.748774247928283,0.0587019157827625,b02
wet_freq_z,0.269921763131055,0.0391685584235674,b02
wet_sev_z,0.904325044834723,0.02409782051082,b02
wet_freq,0.312893579559904,0.0848288782936142,b02
tmax_z,0.162828713721736,0.00630416684351512,b02
spei_freq,0.57005692836595,0.00488609360809992,b02
insect_defo,0.0628446219347527,0.00274099945571573,b02
insect_mort,0.0257869655506636,0.0351382500193392,b02
hurr_ws,0,0,b02
regionatlantic,0.11151407407153,0.019136960092346,b02
regionlakes,0.955728879030504,0.0227362798068239,b02
regionpacific,1.69858745827252,0.08086629085026,b02
tpa_live,0.466565343291339,0.0242187181084236,b02
distance,1.09603378373796,0.00168236483949419,b03
tree_cover,0.288900721388835,0.0811565341425733,b03
forest_type,0.313288117171994,0.0501789653608388,b03
ppt,1.335907444332,0.112244188846665,b03
dist_flowline,0.0896784257053599,0.00874685569886488,b03
density_flowline,0.735665831898174,0.0471623494465543,b03
wet_freq_z,0.26932406083914,0.0466624849367215,b03
wet_sev_z,0.904167712472887,0.0118207765315815,b03
wet_freq,0.326132173963974,0.081686038810303,b03
tmax_z,0.158514787490946,0.0264930598469332,b03
spei_freq,0.602959861437877,0.00505265601656584,b03
insect_defo,0.0559745222121339,0.00555344883407368,b03
insect_mort,0.00985632823416881,0.00771855785335912,b03
hurr_ws,0,0,b03
regionatlantic,0.0978614916414787,0.0174626050697497,b03
regionlakes,0.940023574675038,0.0212466544311332,b03
regionpacific,1.71855173859294,0.0760813706055431,b03
tpa_live,0.456200834542694,0.0423255418765207,b03
distance,1.10535586751904,0.00190846449941878,b04
tree_cover,0.321370200540735,0.0775355053351748,b04
forest_type,0.338716194340836,0.0581945116990735,b04
ppt,1.32875038602998,0.142599151019662,b04
dist_flowline,0.0959183138149029,0.0293833108729433,b04
density_flowline,0.752258366193338,0.0585130285092198,b04
wet_freq_z,0.245270307927984,0.0352956936158757,b04
wet_sev_z,0.907878865465133,0.013666817077087,b04
wet_freq,0.304832711986198,0.100579295355189,b04
tmax_z,0.188108023248867,0.0233956212023633,b04
spei_freq,0.599429987445104,0.00820286749407577,b04
insect_defo,0.0468855176515408,0.0166349529330511,b04
insect_mort,0.0278535954055472,0.0354606098315714,b04
hurr_ws,0,0,b04
regionatlantic,0.112042176439813,0.00900169016370676,b04
regionlakes,0.959437224530567,0.0310994509561202,b04
regionpacific,1.7235691047393,0.0796265622809086,b04
tpa_live,0.475531017457102,0.0296521391297316,b04
distance,1.09970296622641,0.00185626827155168,b05
tree_cover,0.304942053420976,0.0815658330083013,b05
forest_type,0.298467961445802,0.0678226738217587,b05
ppt,1.34156201871385,0.134347161327613,b05
dist_flowline,0.0872974469538636,0.0147047498874653,b05
density_flowline,0.742496887014893,0.0682117391235008,b05
wet_freq_z,0.2429342774968,0.0347376218268567,b05
wet_sev_z,0.899647902895605,0.00202602097316441,b05
wet_freq,0.29240099498548,0.0742148413072273,b05
tmax_z,0.189801211789494,0.0335483901816947,b05
spei_freq,0.61396014174596,0.00847511859200573,b05
insect_defo,0.0846144824002667,0.00569899563608962,b05
insect_mort,0.00961026631010524,0.0343163128757211,b05
hurr_ws,0,0,b05
regionatlantic,0.126482052930231,0.00830181454894463,b05
regionlakes,0.963252821284675,0.0332847560581494,b05
regionpacific,1.66251082871519,0.0805630544614048,b05
tpa_live,0.4490045223827,0.0181188317130722,b05
distance,1.10131101956396,0.00176851275439723,b06
tree_cover,0.283929888657737,0.0652216464316457,b06
forest_type,0.347271928911539,0.0498003576748994,b06
ppt,1.36125736828985,0.124912140649299,b06
dist_flowline,0.0786206433402127,0.0232398835642042,b06
density_flowline,0.740700199571261,0.0660446652409186,b06
wet_freq_z,0.249643553894863,0.0323319448760555,b06
wet_sev_z,0.912304005991286,0.0178266443242594,b06
wet_freq,0.286705975589951,0.0841832430527223,b06
tmax_z,0.172457552040118,0.0111023836807643,b06
spei_freq,0.581108185285565,0.0182644707207015,b06
insect_defo,0.0620683872792484,0.00110506507429539,b06
insect_mort,0.0191378147263471,0.0193567354048542,b06
hurr_ws,0,0,b06
regionatlantic,0.131863319733284,0.0434101551431481,b06
regionlakes,0.966821129647983,0.00935015349765649,b06
regionpacific,1.64531185005111,0.0965260515928835,b06
tpa_live,0.456002612565169,0.0406861961152641,b06
distance,1.09196548388869,0.0016678808696156,b07
tree_cover,0.303656999375934,0.0696289770736712,b07
forest_type,0.328879224368178,0.056008923588698,b07
ppt,1.3617561099291,0.108906255288253,b07
dist_flowline,0.0825205995153404,0.00579857285334874,b07
density_flowline,0.727215327730577,0.0657086025076215,b07
wet_freq_z,0.240202019948499,0.0310331517633569,b07
wet_sev_z,0.911314333621169,0.0182516327904567,b07
wet_freq,0.28628929515648,0.0675653268343541,b07
tmax_z,0.176912354668521,0.00587462145393557,b07
spei_freq,0.618389758219953,0.021665110081499,b07
insect_defo,0.0651002240611908,0.00475100220128293,b07
insect_mort,0.00211827001026519,0.0120429486417344,b07
hurr_ws,0,0,b07
regionatlantic,0.125589119293994,0.028172836693463,b07
regionlakes,0.956778595931589,0.0230384744849751,b07
regionpacific,1.64975024859547,0.0965862160999348,b07
tpa_live,0.476525163194414,0.00474915526562335,b07
distance,1.09299955345191,0.00178537282968523,b08
tree_cover,0.299698317523919,0.0769710242806176,b08
forest_type,0.317929756736218,0.0569274877715962,b08
ppt,1.37208955097158,0.123183834071459,b08
dist_flowline,0.0918703451411332,0.027394321949058,b08
density_flowline,0.724760837179957,0.0337679105491093,b08
wet_freq_z,0.260931133144198,0.0183172984615099,b08
wet_sev_z,0.88925413833426,0.0134944438709345,b08
wet_freq,0.31453775442215,0.0885579453702123,b08
tmax_z,0.163704556124529,0.000935887626065897,b08
spei_freq,0.585712113421089,0.00317222385031394,b08
insect_defo,0.0386663406249533,0.00213972651154844,b08
insect_mort,0.0262045329755887,0.0303573842123804,b08
hurr_ws,0,0,b08
regionatlantic,0.101164028263139,0.0280912449268604,b08
regionlakes,0.935751736909632,0.0140070985320492,b08
regionpacific,1.67588333779657,0.080053895157818,b08
tpa_live,0.463007730626309,0.0250654269733072,b08
distance,1.09909249337516,0.00181589790942885,b09
tree_cover,0.30546305404718,0.0696703763896028,b09
forest_type,0.308949101972116,0.0454185256457634,b09
ppt,1.33356901317898,0.117753552081761,b09
dist_flowline,0.0758235795796946,0.0155548949299852,b09
density_flowline,0.731872706288018,0.0583697357380558,b09
wet_freq_z,0.255214509726978,0.0163496635119235,b09
wet_sev_z,0.900858295845905,0.00409588451411204,b09
wet_freq,0.310244448859336,0.071986768691125,b09
tmax_z,0.159387712568199,0.0109983015952716,b09
spei_freq,0.590861861446355,0.0115386794618421,b09
insect_defo,0.0805000827054047,0.00201135140695895,b09
insect_mort,0.0537777174798711,0.0163325804899362,b09
hurr_ws,0,0,b09
regionatlantic,0.096966293823961,0.029497923583792,b09
regionlakes,0.931858930681071,0.00996150552361641,b09
regionpacific,1.65975393650934,0.0738229268003147,b09
tpa_live,0.464151651828283,0.0145216194398332,b09
distance,1.10161774779402,0.0017665639211539,b10
tree_cover,0.294291243673078,0.0827052203333827,b10
forest_type,0.338502073547536,0.0607947772482728,b10
ppt,1.34514097063035,0.121862762672273,b10
dist_flowline,0.0878272578928203,0.0183859715107363,b10
density_flowline,0.759220973983174,0.0574446791126049,b10
wet_freq_z,0.260848827433632,0.0284064570178868,b10
wet_sev_z,0.897202387730245,0.0109886303944506,b10
wet_freq,0.301986142170579,0.0748167546040304,b10
tmax_z,0.179259566491529,0.023151473929672,b10
spei_freq,0.587068399816894,0.00905389204003248,b10
insect_defo,0.0674714680605047,0.000571972453700368,b10
insect_mort,0.0290876830709799,0.0207515439973018,b10
hurr_ws,0,0,b10
regionatlantic,0.123464683180675,0.016913862400079,b10
regionlakes,0.963289568547147,0.0323225137591776,b10
regionpacific,1.66373754024352,0.094115678576714,b10
tpa_live,0.479918157774654,0.0178726062610571,b10
distance,1.08759328561552,0.00156658498787558,b11
tree_cover,0.276053994203711,0.078144343024796,b11
forest_type,0.320803924197288,0.0755228833557945,b11
ppt,1.30154644617906,0.137080825377416,b11
dist_flowline,0.0907642415459584,0.0202133729471783,b11
density_flowline,0.751473662960137,0.0476580291395558,b11
wet_freq_z,0.247255816187358,0.0551036020168765,b11
wet_sev_z,0.904010947248431,0.0061482334982286,b11
wet_freq,0.283633160147018,0.0605352621581534,b11
tmax_z,0.187089029630078,0.030436016195131,b11
spei_freq,0.594057652065369,0.0322995343148428,b11
insect_defo,0.0445322079477245,0.0346300287169949,b11
insect_mort,0.00717179445354847,0.015232122479739,b11
hurr_ws,0,0,b11
regionatlantic,0.131461276538191,0.00379028111104137,b11
regionlakes,0.967687837006522,0.0398561162975415,b11
regionpacific,1.6434876594395,0.0842363184927093,b11
tpa_live,0.469344429024633,0.0250787740172802,b11
distance,1.10031694189325,0.00178142196799292,b12
tree_cover,0.281887848551716,0.0644933239692664,b12
forest_type,0.335526092785649,0.066491959072104,b12
ppt,1.37572378422694,0.125226815975297,b12
dist_flowline,0.0924731968288909,0.0398852355783318,b12
density_flowline,0.746699373902612,0.0656595017892394,b12
wet_freq_z,0.260838795041485,0.0399026832855295,b12
wet_sev_z,0.90467110520582,0.00713541776059043,b12
wet_freq,0.305411475768624,0.0595111633321862,b12
tmax_z,0.15493218003224,0.00941540914842952,b12
spei_freq,0.575418051936415,0.00395878265798026,b12
insect_defo,0.0453417943438984,0.0211038535351956,b12
insect_mort,0.0175676020593968,0.0234918744446174,b12
hurr_ws,0,0,b12
regionatlantic,0.104795566708296,0.00963536408996701,b12
regionlakes,0.948797669793816,0.0325448831124985,b12
regionpacific,1.71072934490416,0.0834893944815448,b12
tpa_live,0.486106919127092,0.00784060598175265,b12
distance,1.09551931980539,0.00172912240521309,b13
tree_cover,0.303259542963579,0.0802943567456924,b13
forest_type,0.317759587628614,0.0653221222867544,b13
ppt,1.3585433607389,0.131055782922967,b13
dist_flowline,0.0959859944985166,0.0171542298922118,b13
density_flowline,0.726915817749608,0.0529740238320215,b13
wet_freq_z,0.257474693349978,0.0282748634222381,b13
wet_sev_z,0.894191643777648,0.00779234857633862,b13
wet_freq,0.329034382854524,0.0746031449663264,b13
tmax_z,0.187475823625343,0.0140352478185503,b13
spei_freq,0.559654774852034,1.45382996720298e-05,b13
insect_defo,0.0972332823164855,0.0197467409903143,b13
insect_mort,0.0162358622722498,0.0123064371371639,b13
hurr_ws,0,0,b13
regionatlantic,0.111315359347184,0.0345739265916807,b13
regionlakes,0.95011265465566,0.0157554267431973,b13
regionpacific,1.67339629532277,0.0946692206540644,b13
tpa_live,0.465846993644956,0.00629246255161272,b13
distance,1.11092301380554,0.0017265391365824,b14
tree_cover,0.29045091449981,0.0798635524023788,b14
forest_type,0.314149936952549,0.0651680347702338,b14
ppt,1.36919972379072,0.123140116297949,b14
dist_flowline,0.0933890243327388,0.0160342074063401,b14
density_flowline,0.715415280634686,0.0444596556171304,b14
wet_freq_z,0.253581559762009,0.0390143647696519,b14
wet_sev_z,0.917250790305103,0.0108573433650449,b14
wet_freq,0.305788115020209,0.0713734418010147,b14
tmax_z,0.185255081969627,0.0145634024072772,b14
spei_freq,0.605983820711461,0.00821906644005025,b14
insect_defo,0.0713878508614162,0.0165199265642543,b14
insect_mort,0.0191933786381902,0.00701863468320916,b14
hurr_ws,0,0,b14
regionatlantic,0.121591746611412,0.0197111249175798,b14
regionlakes,0.968651844934116,0.0264791229028299,b14
regionpacific,1.73407377652402,0.0909514480143587,b14
tpa_live,0.468024270091335,0.0286070310509658,b14
distance,1.09938970405946,0.00174477423616514,b15
tree_cover,0.30043747188527,0.0876479343343356,b15
forest_type,0.321860157513349,0.0460603825238241,b15
ppt,1.30137452616977,0.1214619893158,b15
dist_flowline,0.0929495450471214,0.00648750451379747,b15
density_flowline,0.727155573842832,0.0386793329622662,b15
wet_freq_z,0.257658124897999,0.0474129985416217,b15
wet_sev_z,0.911183592449508,0.0202905268332017,b15
wet_freq,0.288209542265891,0.0721648921451801,b15
tmax_z,0.180064442142403,0.0407023619744323,b15
spei_freq,0.608155226463755,0.0187745336787272,b15
insect_defo,0.0599824555203696,0.00567726140749309,b15
insect_mort,0.0316832661763663,0.0109483956977584,b15
hurr_ws,0,0,b15
regionatlantic,0.134467100333488,0.0198765572247281,b15
regionlakes,0.976023286527583,0.0301038183700672,b15
regionpacific,1.65397813640805,0.0941541763120625,b15
tpa_live,0.467582776035988,0.0260311068735482,b15
distance,1.10232619342867,0.00160382214456354,b16
tree_cover,0.29823623022511,0.0670954004602325,b16
forest_type,0.32569426036229,0.0694524757334987,b16
ppt,1.40013936279287,0.135615478765373,b16
dist_flowline,0.0888649868043737,0.0194642048087858,b16
density_flowline,0.760703639417962,0.0638364012089873,b16
wet_freq_z,0.271506017132854,0.0536414989483509,b16
wet_sev_z,0.910210247649081,0.00738818572369504,b16
wet_freq,0.325694928600819,0.069291127831302,b16
tmax_z,0.162927783416643,0.0286422662157324,b16
spei_freq,0.563625319617125,0.0234826144524326,b16
insect_defo,0.0560372344098071,0.00168483771590588,b16
insect_mort,0.00984498497402717,0.0156646100954972,b16
hurr_ws,0,0,b16
regionatlantic,0.108846037878759,0.0137964044714094,b16
regionlakes,0.959265226104928,0.0345409757940415,b16
regionpacific,1.73802512169409,0.0960821590542376,b16
tpa_live,0.47056324645069,0.0049667512599878,b16
distance,1.10066569096692,0.00165034463977386,b17
tree_cover,0.291087189311656,0.077853814101599,b17
forest_type,0.332317419365451,0.0767218529284006,b17
ppt,1.37781582864486,0.1312087799554,b17
dist_flowline,0.077012240951577,0.0233293050847985,b17
density_flowline,0.731297980744425,0.061004865324975,b17
wet_freq_z,0.277257273333911,0.0431026105949402,b17
wet_sev_z,0.899227387832185,5.02195190310375e-05,b17
wet_freq,0.302469569834742,0.0630262004062449,b17
tmax_z,0.166675982731356,0.0278348580224847,b17
spei_freq,0.579650566014826,0.000576605830582934,b17
insect_defo,0.0520601296148771,0.00977986617025063,b17
insect_mort,0.0282351266359537,0.0255205053289915,b17
hurr_ws,0,0,b17
regionatlantic,0.0931010397767757,0.00132710059542543,b17
regionlakes,0.938569637811219,0.0442987203751929,b17
regionpacific,1.71776498065441,0.0918501696848324,b17
tpa_live,0.479878453695944,0.0173084039290038,b17
distance,1.10530228679016,0.00171753107608651,b18
tree_cover,0.307563859461441,0.0800778290598245,b18
forest_type,0.325574122186131,0.0477062122128876,b18
ppt,1.39857808593674,0.142650154623127,b18
dist_flowline,0.0913963375207756,0.027085799044253,b18
density_flowline,0.778790061324767,0.0616522237408606,b18
wet_freq_z,0.271570186828648,0.0497737686077562,b18
wet_sev_z,0.925569624445068,0.0124840705191324,b18
wet_freq,0.31522878803619,0.0793805993606877,b18
tmax_z,0.201933064385298,0.028441353820147,b18
spei_freq,0.61682296648976,0.00428143994410719,b18
insect_defo,0.0412750965755113,0.0066772032606908,b18
insect_mort,0.0226015126455517,0.0164814431909138,b18
hurr_ws,0,0,b18
regionatlantic,0.114134629830783,0.00468614382734781,b18
regionlakes,0.968650117886241,0.0359020258307684,b18
regionpacific,1.74823541820469,0.0639344568682693,b18
tpa_live,0.479426251878637,0.0199618138513444,b18
distance,1.08846457562102,0.00174881574228432,b19
tree_cover,0.28864155460607,0.0687954542087611,b19
forest_type,0.312772033296097,0.0743143477300696,b19
ppt,1.38111523998547,0.12409715803658,b19
dist_flowline,0.0830887213375098,0.0169057971164193,b19
density_flowline,0.727297636343623,0.0563074549963358,b19
wet_freq_z,0.260128283084321,0.0235755486073486,b19
wet_sev_z,0.89275960264075,0.00217083690200535,b19
wet_freq,0.318377701035673,0.0763932567627091,b19
tmax_z,0.173049254585994,0.00906560399206829,b19
spei_freq,0.588655122298468,0.00220600479512432,b19
insect_defo,0.039236728659608,0.00640560059729588,b19
insect_mort,0.0377210324404072,0.0214212034304394,b19
hurr_ws,0,0,b19
regionatlantic,0.0949431497898613,0.0251298980814186,b19
regionlakes,0.930536524061593,0.0240445146360305,b19
regionpacific,1.67958836093453,0.0947125328396745,b19
tpa_live,0.470458672853224,0.000374256348520823,b19
distance,1.08885817320244,0.0017995884535016,b20
tree_cover,0.30832222055342,0.0827167297794082,b20
forest_type,0.312126759202331,0.047991636373072,b20
ppt,1.29906281593117,0.138063260475798,b20
dist_flowline,0.0984300787379119,0.0218497960853456,b20
density_flowline,0.715733671406093,0.0430067810505957,b20
wet_freq_z,0.275003343235479,0.0259205210233065,b20
wet_sev_z,0.885045037419763,0.0102101962817166,b20
wet_freq,0.297359939345792,0.0891744460217384,b20
tmax_z,0.164416743338378,0.0322357763800127,b20
spei_freq,0.566043501786002,0.00771624857404789,b20
insect_defo,0.0656809340384032,0.00167248986409797,b20
insect_mort,0.0333589442448793,0.0112786921264506,b20
hurr_ws,0,0,b20
regionatlantic,0.0984797145975966,0.0241424064900995,b20
regionlakes,0.928627309401062,0.017689819322798,b20
regionpacific,1.65447789296233,0.0794261677049847,b20
tpa_live,0.449112896711427,0.035576328300454,b20
distance,1.1090896583691,0.00180278861760089,b21
tree_cover,0.285739158551719,0.0674390937702942,b21
forest_type,0.291118036308458,0.0604791383706241,b21
ppt,1.39748443313977,0.127575147495744,b21
dist_flowline,0.0825294833644586,0.00108557053422898,b21
density_flowline,0.724064063390008,0.0451933482259678,b21
wet_freq_z,0.267862691198401,0.0573374111367656,b21
wet_sev_z,0.912778881509623,0.0113609024694653,b21
wet_freq,0.320166768927529,0.0711404351381953,b21
tmax_z,0.184003576888258,0.0209952361867433,b21
spei_freq,0.582425367794908,0.00111821495476626,b21
insect_defo,0.0314802314692512,0.000266065619684531,b21
insect_mort,0.031175322448951,0.0232877329192315,b21
hurr_ws,0,0,b21
regionatlantic,0.125063579400243,0.0164033282738981,b21
regionlakes,0.975134853874716,0.0280177005207625,b21
regionpacific,1.71549139760185,0.0864339519815134,b21
tpa_live,0.475923725918289,0.0104368935552616,b21
distance,1.10599113766852,0.00179395932117027,b22
tree_cover,0.293549406180805,0.0876746809754203,b22
forest_type,0.314976252622391,0.0487134391237221,b22
ppt,1.43852548526448,0.131183303915454,b22
dist_flowline,0.0928588773976207,0.00550998384708432,b22
density_flowline,0.76181633427999,0.0619053500597236,b22
wet_freq_z,0.247226131597786,0.0602224543955364,b22
wet_sev_z,0.914793270963389,0.0139177218537075,b22
wet_freq,0.297991899201019,0.0655465104507939,b22
tmax_z,0.187761289280162,0.0344104663627871,b22
spei_freq,0.577846626135715,0.0196322761420027,b22
insect_defo,0.0451057409611449,0.00302053229634595,b22
insect_mort,0.0392301883163191,0.0159748302390126,b22
hurr_ws,0,0,b22
regionatlantic,0.119469166520509,0.0116528816683224,b22
regionlakes,0.973344430224497,0.0294297408327906,b22
regionpacific,1.72735221149935,0.0806840207837548,b22
tpa_live,0.472109062117471,0.0148369550028783,b22
distance,1.09318046955329,0.00194003052549298,b23
tree_cover,0.289333044873263,0.0593969354511167,b23
forest_type,0.318609544816588,0.0546279874621641,b23
ppt,1.35199649263752,0.113960043405427,b23
dist_flowline,0.0820347390460949,0.013726279739884,b23
density_flowline,0.71036175229371,0.0657999276590744,b23
wet_freq_z,0.276186568234351,0.0300656439459953,b23
wet_sev_z,0.899753830849068,0.0197663586337243,b23
wet_freq,0.305079590023382,0.0596226386815458,b23
tmax_z,0.173837975699131,0.00243899155050685,b23
spei_freq,0.600369920358474,0.0139416040726241,b23
insect_defo,0.0557843164732971,0.0102613524149838,b23
insect_mort,0.0422240922011585,0.014793749130127,b23
hurr_ws,0,0,b23
regionatlantic,0.106237325238557,0.0365085655587195,b23
regionlakes,0.942218846618957,0.0130481432776982,b23
regionpacific,1.66921873295039,0.09309611721544,b23
tpa_live,0.455791117436548,0.0273723089972377,b23
distance,1.09628644083592,0.00174262880936156,b24
tree_cover,0.288686603732204,0.0927519937266135,b24
forest_type,0.318317408923813,0.0498586942988255,b24
ppt,1.3383256219005,0.124388692163884,b24
dist_flowline,0.0810577050816608,0.0190479200712746,b24
density_flowline,0.762068679648637,0.0428666664064497,b24
wet_freq_z,0.260317831559863,0.0224576603576102,b24
wet_sev_z,0.890953528990368,0.00194599212962642,b24
wet_freq,0.332775237390986,0.0808046697895201,b24
tmax_z,0.166485389997829,0.0235944897688937,b24
spei_freq,0.596003526976043,0.00839369485027699,b24
insect_defo,0.0634116286755928,0.00027931262855911,b24
insect_mort,0.0164229567540417,0.0138246218470935,b24
hurr_ws,0,0,b24
regionatlantic,0.0845593511564756,0.0207564855326353,b24
regionlakes,0.924018352268319,0.0176074230926682,b24
regionpacific,1.71559070203071,0.0752060393189436,b24
tpa_live,0.461272837628147,0.0180212289847069,b24
